<BackupInst xmlns="http://www.microsoft.com/GroupPolicy/GPOOperations/Manifest"><GPOGuid><![CDATA[{9BF26A40-E418-4505-A28C-257186638387}]]></GPOGuid><GPODomain><![CDATA[demo.io]]></GPODomain><GPODomainGuid><![CDATA[{118e6353-3a5d-48db-97d6-eed58b10bc5b}]]></GPODomainGuid><GPODomainController><![CDATA[DEMODC01.demo.io]]></GPODomainController><BackupTime><![CDATA[2023-05-02T14:42:31]]></BackupTime><ID><![CDATA[{57E5BBAA-DC2B-4EA6-87B0-5FF8A5DBBFFD}]]></ID><Comment><![CDATA[DEMO - Applocker Enforcement]]></Comment><GPODisplayName><![CDATA[DEMO ENFORCE APPS - REFINED]]></GPODisplayName></BackupInst>
