<BackupInst xmlns="http://www.microsoft.com/GroupPolicy/GPOOperations/Manifest"><GPOGuid><![CDATA[{347E6830-2140-4F3F-9E79-74B6CE3C870C}]]></GPOGuid><GPODomain><![CDATA[demo.io]]></GPODomain><GPODomainGuid><![CDATA[{118e6353-3a5d-48db-97d6-eed58b10bc5b}]]></GPODomainGuid><GPODomainController><![CDATA[DEMODC01.demo.io]]></GPODomainController><BackupTime><![CDATA[2023-05-02T14:42:15]]></BackupTime><ID><![CDATA[{F4458395-3C8B-46A0-8717-C5629348CB94}]]></ID><Comment><![CDATA[DEMO - Applocker Audit]]></Comment><GPODisplayName><![CDATA[DEMO AUDIT APPS]]></GPODisplayName></BackupInst>
