"appid","appcat"
"ab7e5c15a1c431732f6abb3cb98f98467832f4c2b3dfe667a0231502aa06be8c","AUTHORIZE"
"83846c7a161f7d9c795f12bfb6528abe669ab13cfb6cdef0dd5199464aa39116","AUTHORIZE"
"6cbe9e928e070540277f2b7113f84290c9d1ac959ed225e4631095b5ca4867f0","AUTHORIZE"
"21a1c2e0063631a5936a890f32693d40e320d7c72687f7e896a5c91f462ac6a9","AUTHORIZE"
"dcc13700fdfa30093d1255e2116056b6e98c4b82bf63388c7438cd4dcd0e1740","AUTHORIZE"
"790accb258233757eaa72787876ca8b4b529ef7101fbf5d5017d9394a3e86c2b","AUTHORIZE"
"bd3d6bea83d8ab47207a4bf7299aa62e400e45490e30ceb23e81d88891d1c8d0","AUTHORIZE"
"c944630564059a8c5459de9fb7a92a32d328a7ebdd25e0486689bb0f2ebc0ab2","AUTHORIZE"
"058f4d783e3ae8c5593a1bb61c0393f746715f82ce2ac368af3beda79453677f","AUTHORIZE"
"ca05b59ec7f18371bb6505a02eef2a8920aa217a95201ced09885d987162c88d","AUTHORIZE"
"6c89b133843c406191a081d4bd580817488357f0352605bf9ddaa287cd6c4ed4","AUTHORIZE"
"b25cda0bd6052881a27aac5bb6ab80adb3a85020618233f825d20493f2d4092b","AUTHORIZE"
"e7f0b0f8ca8621e0f0480e060369953f8aca2ba120931a2cec33f10d6b7baffb","AUTHORIZE"
"97b6ae7407e35dfecfbfa3edaec2e44268892c866449094cf7584df2d4255d81","SUPPRESS"
"7609a599e4895b660a62bec5288958bdee3bf11941d7e8614533ea2770dc4174","AUTHORIZE"
"453ccf4b7f6c92f2a0c333890cd17476d11640abefff497e344d90e27be244c4","SUPPRESS"
"73a2441bf7ac2927218ea59a3b40b374ade78d5ded2305f3c5b4c2963e55ebae","AUTHORIZE"
"924239c1a1854229c66f2055a27e9565a2a7c8fccfed73545460bc27597d3b40","AUTHORIZE"
"7362bf7e96f396d20f153882eae305709d1e17328ce59ead2b1f0b8808e0893c","SUPPRESS"
"9094903330da15a458aae88eab699e5f903a6a40f2d94f9973484e0dfcea1fa2","SUPPRESS"
"f33aec433757c2bb85d70bad7ee58bd9304a68515c7fe28ef49a6609747bef4e","AUTHORIZE"
"dbbdd55063f219bb3b47afe6d1c4fdbcc8f000753ba8dd5dbdf624518288b16d","AUTHORIZE"
"c86138fe04d0bf9099c9a98931de1a7c52200ace88a7139d193edc0975ecb9ff","AUTHORIZE"
"1f62a541a0ee324d7d0f618a3ff1ad5ceb09dff9518bf07baa7ada7e989df5d8","AUTHORIZE"
"d38f1323e69631705d5077f45b330b0c350e966e915e8d66e9057ac02367dbe5","AUTHORIZE"
"4fbb2caca7021a26d50dac704be7a5243b5479f2b46c34ec5aace6d6c64083eb","AUTHORIZE"
"e6fb4aa215428823ec0b7f526b634c67696c0ba177b49b0a93aaa904829677a0","AUTHORIZE"
"53a73444b905d11b7ec0b00ecbdb707d7f33c96de994f3472bf6282cf3a2bd08","AUTHORIZE"
"2299353fa31cbb4e9e146a24d389862297d9c5711397af7d1b495bc76d78f64e","AUTHORIZE"
"acae0270f7f023cfba0eb27644cdc8e135c961623ab78aba7d5a59ba7cbfa837","AUTHORIZE"
"2c5b8c71f21075d1f958cdefd1c07434e98ffc869b10b12fa2ce50770de7c20c","AUTHORIZE"
"21a56c1191d769954953d38cd770c9907723d05a1e7af3e0768c5f015b06e378","AUTHORIZE"
"f823e7b0a375bbef9af4f4d4e49c34bda13c8328a4f5a16f972739a3253d7354","AUTHORIZE"
"db25e5b71465ff5612ec467af9574de993951e69d00d217f927bf3569907dbd4","AUTHORIZE"
"86d863ec06aa8be679563b22f183d932ab664a6a0817584de8ed8fc69b7c3192","AUTHORIZE"
"39d1dcac563f007e98a1abb4d874d6fe1a313742ee0c8a68581d119a7f829c7b","AUTHORIZE"
"540cbbc2d30516f65651ea6a9a89a3a10e596cfa267cb9033704f4f933d5aa92","AUTHORIZE"
"9709db138dc1185fb74bc77af55a9dde33952a64e3124b9a2e525815d0ecfe8f","AUTHORIZE"
"d8af26e4a80a5a6e4dfb2659fa1a93f5325f6f3adb790ee36f5ab35f653c255e","AUTHORIZE"
"66a0a63381a3ec484b4991e107d7e8a09297d123c587271dd3a0a3080aa97b9c","AUTHORIZE"
"6e4ca58c058011f23b1eabae8cc1a6fc98871496159b7dd51b9a61087fa9073f","AUTHORIZE"
"047d8ed140038c11bc70c9e7508cfbc557d78405689f3196b35f2b830170930e","AUTHORIZE"
"4c6228007c52c18f76a8edef7032826026c41d067438f30ee22bd1d799a00283","AUTHORIZE"
"c6176b8e39f69ba60fef565b9a5587a27841ad7b6d6b9fbba67fab080e01ca63","AUTHORIZE"
"e650a770f7f48a12f850653855d2996fde3bbc9f1dbc86abff75db1bc1bc1886","SUPPRESS"
"c0546b7bfb7b84bfef532a1c957b8a3fc466063638ee4338b800ff8ad3ffc3ef","AUTHORIZE"
"640946c06022e1c030fee4e41c9b33e6c72b22c4780e3310ec59688dfc9dafe0","AUTHORIZE"
"9cd936f914d5c25c1a0b36c5b9433b213823527491d09eb71155afc1cbd433ee","AUTHORIZE"
"58cfa3295f49c219c9c8cb5b23fb6839684884cc46a0cf4ddff0ccff80872416","AUTHORIZE"
"4c6944c43ae8ca096dbf930962146cffda29eabf36bc1c4abafb5488b69513d6","AUTHORIZE"
"d35595842821c6c85e03ac700b25f028673107b99bb3f74c561765631871b592","AUTHORIZE"
"2d786d82d03c90f2645b4441317dfa4952b780077f0c237039bfe0df4dfa323c","AUTHORIZE"
"465c909d37f1d1102e6e1795fb2d7247038e05d2cad00e9960cf753da05c21a9","AUTHORIZE"
"d7f7201555a57d8e63218c521390b9123485b6c0249ca1ee0f207e7fb4d3b963","AUTHORIZE"
"311109fa047117597f927f9fbda64121bad34a5d59e541c2ce727b3051a56668","AUTHORIZE"
"4970d0af12c1f3a935ee98cd0b6f3d6cce48c5779a8991c7aa3839712ad45501","AUTHORIZE"
"b0dd511eae0bfba8b17889883f7e112dd1742eadd58d2cb70cd8792e28340629","AUTHORIZE"
"8abb474228aa818b79fcef8a834634c91f87f7e47dc852c58850e87223081d65","AUTHORIZE"
"215e3c6f28ae262351b0a46ed5b67b8f26d018653fc765f823bbfafdb7b43ce5","AUTHORIZE"
"c2e48f4deaabca63e98b00766bca354176fd385feec9b4eb6375b69b3f7f3e37","AUTHORIZE"
"fc7d4450b6324964d2a3be3797d568a7ba546a52e7066437848ef073fa6d99e8","AUTHORIZE"
"80cfb2ad0b8984547c05c316c8878c4a5b905ffe0641727555cdb7c9fa4ea524","AUTHORIZE"
"67fcc0b7e8be22ffec8a5d0a0c6b4366aee9e5057af6a705b8d14b165e75c2bc","SUPPRESS"
"9243b55b9d04fa4e70ee21820feb09844adb6016d56719bab0c2b6b5ecfddede","AUTHORIZE"
"bb18e7ed21b0a3add073aa64417f01ddde27b19bf0d5ead709cd73fcc040926c","AUTHORIZE"
"ed19128ada55c01e80b97adf2bd4a543535a3983a71e1581ba1120d2ad91fe36","SUPPRESS"
"70951dc94250a3c281443662ee4cdb8615185447bc0ffebcb07533fefd5fd667","SUPPRESS"
"3d7bd6819705b541749875c5cec5a9d7b59732ca28550d31330df603b77a08b1","SUPPRESS"
"d1da242315a9f20e5a104a512a761d615453ecce609c5c7370cbc353953883a2","SUPPRESS"
"cce65552f44c25515bf18e2147b1f12cc480e1bf8f75328c0c996cac569f25c9","SUPPRESS"
"e6c489990a73e5839936ea334de6a9394639dbed18014a0242fecaae3ed3ffaf","SUPPRESS"
"8b0fed0344b78576db2469e3b4bef4688ef0a8d85fabac98aadce399507917c0","SUPPRESS"
"a6def7058b1af7a408fd45adc7ede4f732f28b89fac86075ed1dac1a15983c3a","AUTHORIZE"
