<BackupInst xmlns="http://www.microsoft.com/GroupPolicy/GPOOperations/Manifest"><GPOGuid><![CDATA[{1BC980C5-AAE6-4925-AC2D-0B6C5282E1CA}]]></GPOGuid><GPODomain><![CDATA[demo.io]]></GPODomain><GPODomainGuid><![CDATA[{118e6353-3a5d-48db-97d6-eed58b10bc5b}]]></GPODomainGuid><GPODomainController><![CDATA[DEMODC01.demo.io]]></GPODomainController><BackupTime><![CDATA[2023-05-02T14:42:30]]></BackupTime><ID><![CDATA[{4AA86598-2751-47E4-8290-94E86F01B4C2}]]></ID><Comment><![CDATA[DEMO - Applocker Enforcement]]></Comment><GPODisplayName><![CDATA[DEMO ENFORCE APPS]]></GPODisplayName></BackupInst>
