<Backups xmlns="http://www.microsoft.com/GroupPolicy/GPOOperations/Manifest" xmlns:mfst="http://www.microsoft.com/GroupPolicy/GPOOperations/Manifest" mfst:version="1.0"><BackupInst><GPOGuid><![CDATA[{E15330A7-8691-4CF9-B89C-9078E00463B8}]]></GPOGuid><GPODomain><![CDATA[demo.io]]></GPODomain><GPODomainGuid><![CDATA[{118e6353-3a5d-48db-97d6-eed58b10bc5b}]]></GPODomainGuid><GPODomainController><![CDATA[DEMODC01.demo.io]]></GPODomainController><BackupTime><![CDATA[2023-05-02T14:42:15]]></BackupTime><ID><![CDATA[{4DDBCCED-26F2-4F02-86E1-847797E57402}]]></ID><Comment><![CDATA[DEMO - Applocker Audit]]></Comment><GPODisplayName><![CDATA[DEMO AUDIT APPS - REFINED]]></GPODisplayName></BackupInst><BackupInst><GPOGuid><![CDATA[{347E6830-2140-4F3F-9E79-74B6CE3C870C}]]></GPOGuid><GPODomain><![CDATA[demo.io]]></GPODomain><GPODomainGuid><![CDATA[{118e6353-3a5d-48db-97d6-eed58b10bc5b}]]></GPODomainGuid><GPODomainController><![CDATA[DEMODC01.demo.io]]></GPODomainController><BackupTime><![CDATA[2023-05-02T14:42:15]]></BackupTime><ID><![CDATA[{F4458395-3C8B-46A0-8717-C5629348CB94}]]></ID><Comment><![CDATA[DEMO - Applocker Audit]]></Comment><GPODisplayName><![CDATA[DEMO AUDIT APPS]]></GPODisplayName></BackupInst></Backups>