<Backups xmlns="http://www.microsoft.com/GroupPolicy/GPOOperations/Manifest" xmlns:mfst="http://www.microsoft.com/GroupPolicy/GPOOperations/Manifest" mfst:version="1.0"><BackupInst><GPOGuid><![CDATA[{9BF26A40-E418-4505-A28C-257186638387}]]></GPOGuid><GPODomain><![CDATA[demo.io]]></GPODomain><GPODomainGuid><![CDATA[{118e6353-3a5d-48db-97d6-eed58b10bc5b}]]></GPODomainGuid><GPODomainController><![CDATA[DEMODC01.demo.io]]></GPODomainController><BackupTime><![CDATA[2023-05-02T14:42:31]]></BackupTime><ID><![CDATA[{57E5BBAA-DC2B-4EA6-87B0-5FF8A5DBBFFD}]]></ID><Comment><![CDATA[DEMO - Applocker Enforcement]]></Comment><GPODisplayName><![CDATA[DEMO ENFORCE APPS - REFINED]]></GPODisplayName></BackupInst><BackupInst><GPOGuid><![CDATA[{1BC980C5-AAE6-4925-AC2D-0B6C5282E1CA}]]></GPOGuid><GPODomain><![CDATA[demo.io]]></GPODomain><GPODomainGuid><![CDATA[{118e6353-3a5d-48db-97d6-eed58b10bc5b}]]></GPODomainGuid><GPODomainController><![CDATA[DEMODC01.demo.io]]></GPODomainController><BackupTime><![CDATA[2023-05-02T14:42:30]]></BackupTime><ID><![CDATA[{4AA86598-2751-47E4-8290-94E86F01B4C2}]]></ID><Comment><![CDATA[DEMO - Applocker Enforcement]]></Comment><GPODisplayName><![CDATA[DEMO ENFORCE APPS]]></GPODisplayName></BackupInst><BackupInst><GPOGuid><![CDATA[{9BF26A40-E418-4505-A28C-257186638387}]]></GPOGuid><GPODomain><![CDATA[demo.io]]></GPODomain><GPODomainGuid><![CDATA[{118e6353-3a5d-48db-97d6-eed58b10bc5b}]]></GPODomainGuid><GPODomainController><![CDATA[DEMODC01.demo.io]]></GPODomainController><BackupTime><![CDATA[2023-05-02T14:41:57]]></BackupTime><ID><![CDATA[{EB9E5A67-12BD-430C-8571-B92F5EA88441}]]></ID><Comment><![CDATA[DEMO - enforce Applocker]]></Comment><GPODisplayName><![CDATA[DEMO ENFORCE APPS - REFINED]]></GPODisplayName></BackupInst><BackupInst><GPOGuid><![CDATA[{1BC980C5-AAE6-4925-AC2D-0B6C5282E1CA}]]></GPOGuid><GPODomain><![CDATA[demo.io]]></GPODomain><GPODomainGuid><![CDATA[{118e6353-3a5d-48db-97d6-eed58b10bc5b}]]></GPODomainGuid><GPODomainController><![CDATA[DEMODC01.demo.io]]></GPODomainController><BackupTime><![CDATA[2023-05-02T14:41:55]]></BackupTime><ID><![CDATA[{6EF92318-9603-47AA-A842-A576344D4EC8}]]></ID><Comment><![CDATA[DEMO - enforce Applocker]]></Comment><GPODisplayName><![CDATA[DEMO ENFORCE APPS]]></GPODisplayName></BackupInst></Backups>